{
    "cameras": [
        {
            "id": 0,
            "rotation": [
                [
                    1.0,
                    1.3014725098710969e-13,
                    -3.0113753603635723e-13
                ],
                [
                    -1.3014725098710969e-13,
                    1.0,
                    6.012248783949285e-15
                ],
                [
                    3.0113753603635723e-13,
                    -6.012248783949285e-15,
                    1.0
                ]
            ],
            "translation": [
                2.4126820439453257e-13,
                2.8891679435300665e-14,
                3.4607866775048593e-13
            ],
            "image_path": "processed_images/2bde335a-434b-427a-aa11-8fa120341959.JPG"
        },
        {
            "id": 1,
            "rotation": [
                [
                    0.8108205367725213,
                    -0.2098448557212005,
                    0.5463837421403287
                ],
                [
                    -0.09956403602006011,
                    -0.9693640899037753,
                    -0.22454457004439338
                ],
                [
                    0.5767643018420235,
                    0.12766517822951506,
                    -0.8068733124774354
                ]
            ],
            "translation": [
                -0.2840560692519443,
                0.17495435966513206,
                0.9438149314431281
            ],
            "image_path": "processed_images/3c3afd66-6a06-42cd-a660-c3b4d89a730f.JPG"
        }
    ]
}