{
    "cameras": [
        {
            "id": 0,
            "rotation": [
                [
                    1.0,
                    -7.447094531231447e-11,
                    -6.238272010101541e-11
                ],
                [
                    7.447094531231447e-11,
                    1.0,
                    5.295348754852982e-11
                ],
                [
                    6.238272010101541e-11,
                    -5.295348754852982e-11,
                    1.0
                ]
            ],
            "translation": [
                4.804454232558671e-11,
                1.4680422632302466e-12,
                -8.920397844817686e-11
            ],
            "image_path": "processed_images/4da92469-2ad6-4e3e-8cad-4ddbe80ab1e3.JPG"
        },
        {
            "id": 1,
            "rotation": [
                [
                    -0.7656141712035274,
                    0.631937988254556,
                    -0.12037159072273004
                ],
                [
                    -0.6220672046608787,
                    -0.7749451863676049,
                    -0.11176918632198451
                ],
                [
                    -0.16391257955915464,
                    -0.010692853990526767,
                    0.9864169144615279
                ]
            ],
            "translation": [
                0.48302034220072515,
                -0.23154531457219135,
                -0.8259710789974286
            ],
            "image_path": "processed_images/6bf2d780-83ed-481a-b8c2-fd7d15e278f2.JPG"
        }
    ]
}