{
    "pointcloud_file": "merged_room.ply",
    "images_base": "processed_images",
    "cameras": [
        {
            "id": 0,
            "center": [
                0.0,
                0.0,
                0.0
            ],
            "rotation": [
                [
                    1.0,
                    0.0,
                    0.0
                ],
                [
                    0.0,
                    1.0,
                    0.0
                ],
                [
                    0.0,
                    0.0,
                    1.0
                ]
            ],
            "translation": [
                0.0,
                0.0,
                0.0
            ],
            "image_file": "0ac40f4c-2b4d-4f92-947c-4e293de0e65a.JPG"
        },
        {
            "id": 1,
            "center": [
                17.879776040475544,
                6.756920886521667,
                -55.04031282853529
            ],
            "rotation": [
                [
                    1.0,
                    0.0,
                    0.0
                ],
                [
                    0.0,
                    1.0,
                    0.0
                ],
                [
                    0.0,
                    0.0,
                    1.0
                ]
            ],
            "translation": [
                0.0,
                0.0,
                0.0
            ],
            "image_file": "060a9d02-f5e7-4f14-bb33-3775a71fa2ca.JPG"
        },
        {
            "id": 2,
            "center": [
                7.380563846248635,
                2.7447780393303667,
                -22.40603016934745
            ],
            "rotation": [
                [
                    1.0,
                    0.0,
                    0.0
                ],
                [
                    0.0,
                    1.0,
                    0.0
                ],
                [
                    0.0,
                    0.0,
                    1.0
                ]
            ],
            "translation": [
                0.0,
                0.0,
                0.0
            ],
            "image_file": "4d335d10-61c4-4ff2-bfa4-075f58dfd07c.JPG"
        },
        {
            "id": 3,
            "center": [
                17.24928053665466,
                6.324263884925585,
                -51.675705840593714
            ],
            "rotation": [
                [
                    1.0,
                    0.0,
                    0.0
                ],
                [
                    0.0,
                    1.0,
                    0.0
                ],
                [
                    0.0,
                    0.0,
                    1.0
                ]
            ],
            "translation": [
                0.0,
                0.0,
                0.0
            ],
            "image_file": "6bf2d780-83ed-481a-b8c2-fd7d15e278f2.JPG"
        },
        {
            "id": 4,
            "center": [
                6.9868305537754205,
                2.70401202218639,
                -21.95401074371175
            ],
            "rotation": [
                [
                    1.0,
                    0.0,
                    0.0
                ],
                [
                    0.0,
                    1.0,
                    0.0
                ],
                [
                    0.0,
                    0.0,
                    1.0
                ]
            ],
            "translation": [
                0.0,
                0.0,
                0.0
            ],
            "image_file": "84ca851b-4730-4b7b-92d3-b67b56a1df87.JPG"
        },
        {
            "id": 5,
            "center": [
                33.024935576518374,
                -14.230618134551003,
                -30.340862216915465
            ],
            "rotation": [
                [
                    1.0,
                    0.0,
                    0.0
                ],
                [
                    0.0,
                    1.0,
                    0.0
                ],
                [
                    0.0,
                    0.0,
                    1.0
                ]
            ],
            "translation": [
                0.0,
                0.0,
                0.0
            ],
            "image_file": "97392913-795d-43f9-81e9-7e7fef517935.JPG"
        },
        {
            "id": 6,
            "center": [
                12.338062290004018,
                4.533433025816426,
                -37.23835741117983
            ],
            "rotation": [
                [
                    1.0,
                    0.0,
                    0.0
                ],
                [
                    0.0,
                    1.0,
                    0.0
                ],
                [
                    0.0,
                    0.0,
                    1.0
                ]
            ],
            "translation": [
                0.0,
                0.0,
                0.0
            ],
            "image_file": "c1e07f95-a6b7-46eb-8d4a-2336732b9626.JPG"
        },
        {
            "id": 7,
            "center": [
                -40.42595465346787,
                74.89838376372437,
                -41.78411506214504
            ],
            "rotation": [
                [
                    1.0,
                    0.0,
                    0.0
                ],
                [
                    0.0,
                    1.0,
                    0.0
                ],
                [
                    0.0,
                    0.0,
                    1.0
                ]
            ],
            "translation": [
                0.0,
                0.0,
                0.0
            ],
            "image_file": "cf98c298-c7e0-415b-9e0c-65369a3681df.JPG"
        },
        {
            "id": 8,
            "center": [
                -1.245321584178042,
                0.3565207373429091,
                0.25662572466275846
            ],
            "rotation": [
                [
                    1.0,
                    0.0,
                    0.0
                ],
                [
                    0.0,
                    1.0,
                    0.0
                ],
                [
                    0.0,
                    0.0,
                    1.0
                ]
            ],
            "translation": [
                0.0,
                0.0,
                0.0
            ],
            "image_file": "e3b98563-bc1d-42b6-92be-fa76f305ff55.JPG"
        },
        {
            "id": 9,
            "center": [
                -0.2332985362495653,
                0.2855779339156304,
                -0.6060345099450913
            ],
            "rotation": [
                [
                    1.0,
                    0.0,
                    0.0
                ],
                [
                    0.0,
                    1.0,
                    0.0
                ],
                [
                    0.0,
                    0.0,
                    1.0
                ]
            ],
            "translation": [
                0.0,
                0.0,
                0.0
            ],
            "image_file": "ff9f391e-a025-4403-a77e-425ea0cc2322.JPG"
        }
    ]
}